{
    "append_run_num": 1,
    "correct": false,
    "volumes": [
        16.36874910841387,
        17.230249999999998,
        18.091774704563658
    ],
    "energies": [
        -3.76941213,
        -3.76436362,
        -3.74118152
    ],
    "eos_tolerance": 0.01,
    "threshold": 14,
    "vol_spacing": 0.050000000000000044,
    "error": 10000000000.0,
    "metadata": {
        "tag": "67783198-6d5a-40c2-8d49-4f03e50ac130"
    }
}